2025/1/2 20:36,950 - INFO - 数据预处理开始，加载文件: data/Beijingair.csv,,,,,
2025/1/2 20:36,308 - INFO - 数据预处理完成，数据已保存至 data/processed_data.csv,,,,,
2025/1/2 20:36,309 - INFO - 数据集划分完成：训练集25500，验证集3188，测试集3188,,,,,
2025/1/2 20:36,419 - INFO - 使用的模型: lstm,,,,,
2025/1/2 20:36,420 - INFO - 模型参数: epochs=2, batch_size=32, lr=0.001, target_columns=['PM2.5', 'CO', 'NO2']
1,0.161869213,0.043616136,,,,
2,0.082352415,0.037310068,,,,
final_mse,,,0.161171972,,,
2025/1/2 20:43,266 - INFO - 数据预处理开始，加载文件: data/Beijingair.csv,,,,,
2025/1/2 20:43,633 - INFO - 数据预处理完成，数据已保存至 data/processed_data.csv,,,,,
2025/1/2 20:43,634 - INFO - 数据集划分完成：训练集25500，验证集3188，测试集3188,,,,,
2025/1/2 20:46,571 - INFO - 数据预处理开始，加载文件: data/Beijingair.csv,,,,,
2025/1/2 20:46,940 - INFO - 数据预处理完成，数据已保存至 data/processed_data.csv,,,,,
2025/1/2 20:46,940 - INFO - 数据集划分完成：训练集25500，验证集3188，测试集3188,,,,,
2025/1/2 20:46,940 - INFO - 正在训练模型: rnn with epochs=2, batch_size=32, lr=0.001, target_columns=['PM2.5', 'CO'],
1,,,,0.129072442,0.023436722,
2,,,,0.076116007,0.023983159,
final_mse,,,,,,0.187272625
rnn_2epochs_32bs_0.001lr_final_mse,,,,,,
2025/1/2 20:46,655 - INFO - rnn 模型训练完成，MSE: 0.1873,,,,,
2025/1/2 20:46,655 - INFO - 正在训练模型: rnn with epochs=3, batch_size=64, lr=0.0005, target_columns=['PM2.5', 'CO', 'NO2']
1,,,,0.210372015,0.04889119,
2,,,,0.098036548,0.04305239,
3,,,,0.087476337,0.042177019,
final_mse,,,,,,0.176201148
rnn_3epochs_64bs_0.0005lr_final_mse,,,,,,
2025/1/2 20:46,617 - INFO - rnn 模型训练完成，MSE: 0.1762,,,,,
2025/1/2 20:46,618 - INFO - 正在训练模型: lstm with epochs=2, batch_size=32, lr=0.001, target_columns=['PM2.5', 'NO2'],
1,,,,0.141244024,0.059453958,
2,,,,0.081036291,0.04748179,
final_mse,,,,,,0.12564376
lstm_2epochs_32bs_0.001lr_final_mse,,,,,,
2025/1/2 20:46,260 - INFO - lstm 模型训练完成，MSE: 0.1256,,,,,
2025/1/2 20:46,261 - INFO - 正在训练模型: gru with epochs=2, batch_size=32, lr=0.001, target_columns=['PM2.5', 'CO'],
1,,,,0.118246028,0.024415704,
2,,,,0.072410053,0.022969888,
final_mse,,,,,,0.179570445
gru_2epochs_32bs_0.001lr_final_mse,,,,,,
2025/1/2 20:47,540 - INFO - gru 模型训练完成，MSE: 0.1796,,,,,
2025/1/2 20:58,769 - INFO - 数据预处理开始，加载文件: data/Beijingair.csv,,,,,
2025/1/2 20:58,143 - INFO - 数据预处理完成，数据已保存至 data/processed_data.csv,,,,,
2025/1/2 20:58,144 - INFO - 数据集划分完成：训练集25500，验证集3188，测试集3188,,,,,
2025/1/2 20:58,144 - INFO - 正在训练模型: rnn with epochs=5, batch_size=64, lr=0.0005, target_columns=['PM2.5', 'CO', 'NO2']
1,,,,0.203607647,0.04927943,
2,,,,0.096717938,0.042665113,
3,,,,0.087821772,0.041213295,
4,,,,0.084372444,0.039320635,
5,,,,0.08253649,0.039059175,
final_mse,,,,,,0.176437039
rnn_5epochs_64bs_0.0005lr_final_mse,,,,,,
2025/1/2 20:58,643 - INFO - rnn 模型训练完成，MSE: 0.1764,,,,,
2025/1/2 20:58,643 - INFO - 正在训练模型: lstm with epochs=5, batch_size=32, lr=0.001, target_columns=['PM2.5', 'CO'],
1,,,,0.139155589,0.025567234,
2,,,,0.072659615,0.023901518,
3,,,,0.068742827,0.02182232,
4,,,,0.067352642,0.020855598,
5,,,,0.066270968,0.021631172,
final_mse,,,,,,0.173419542
lstm_5epochs_32bs_0.001lr_final_mse,,,,,,
2025/1/2 20:59,288 - INFO - lstm 模型训练完成，MSE: 0.1734,,,,,
2025/1/2 20:59,288 - INFO - 正在训练模型: gru with epochs=5, batch_size=64, lr=0.0005, target_columns=['PM2.5', 'CO', 'NO2']
1,,,,0.238735628,0.055462672,
2,,,,0.0986145,0.043516265,
3,,,,0.085316423,0.039860658,
4,,,,0.081043271,0.038226154,
5,,,,0.079397085,0.037281182,
final_mse,,,,,,0.167207399
gru_5epochs_64bs_0.0005lr_final_mse,,,,,,
2025/1/2 20:59,977 - INFO - gru 模型训练完成，MSE: 0.1672,,,,,
2025-01-02 21:08:46,732 - INFO - 数据预处理开始，加载文件: data/Beijingair.csv
2025-01-02 21:08:47,108 - INFO - 数据预处理完成，数据已保存至 data/processed_data.csv
2025-01-02 21:08:47,108 - INFO - 数据集划分完成：训练集25500，验证集3188，测试集3188
2025-01-02 21:08:47,108 - INFO - 正在训练模型: rnn with epochs=5, batch_size=64, lr=0.0005, target_columns=['PM2.5', 'CO', 'NO2']
2025-01-02 21:08:48,938 - INFO - Epoch [1/5], Train Loss: 0.2272, Validation Loss: 0.0479
2025-01-02 21:08:50,694 - INFO - Epoch [2/5], Train Loss: 0.0991, Validation Loss: 0.0437
2025-01-02 21:08:52,572 - INFO - Epoch [3/5], Train Loss: 0.0880, Validation Loss: 0.0411
2025-01-02 21:08:54,154 - INFO - Epoch [4/5], Train Loss: 0.0838, Validation Loss: 0.0417
2025-01-02 21:08:55,748 - INFO - Epoch [5/5], Train Loss: 0.0817, Validation Loss: 0.0375
rnn_5epochs_64bs_0.0005lr_final_mse,,,,,,
2025-01-02 21:08:56,057 - INFO - rnn 模型训练完成，MSE: 0.1793
2025-01-02 21:08:56,074 - INFO - 正在训练模型: lstm with epochs=5, batch_size=32, lr=0.001, target_columns=['PM2.5', 'CO']
2025-01-02 21:09:03,434 - INFO - Epoch [1/5], Train Loss: 0.1360, Validation Loss: 0.0242
2025-01-02 21:09:11,238 - INFO - Epoch [2/5], Train Loss: 0.0720, Validation Loss: 0.0228
2025-01-02 21:09:18,790 - INFO - Epoch [3/5], Train Loss: 0.0688, Validation Loss: 0.0206
2025-01-02 21:09:26,409 - INFO - Epoch [4/5], Train Loss: 0.0669, Validation Loss: 0.0217
2025-01-02 21:09:33,738 - INFO - Epoch [5/5], Train Loss: 0.0658, Validation Loss: 0.0208
lstm_5epochs_32bs_0.001lr_final_mse,,,,,,
2025-01-02 21:09:34,199 - INFO - lstm 模型训练完成，MSE: 0.1645
2025-01-02 21:09:34,302 - INFO - 正在训练模型: gru with epochs=5, batch_size=64, lr=0.0005, target_columns=['PM2.5', 'CO', 'NO2']
2025-01-02 21:09:38,593 - INFO - Epoch [1/5], Train Loss: 0.2772, Validation Loss: 0.0601
2025-01-02 21:09:42,901 - INFO - Epoch [2/5], Train Loss: 0.1037, Validation Loss: 0.0447
2025-01-02 21:09:47,027 - INFO - Epoch [3/5], Train Loss: 0.0863, Validation Loss: 0.0405
2025-01-02 21:09:51,136 - INFO - Epoch [4/5], Train Loss: 0.0821, Validation Loss: 0.0381
2025-01-02 21:09:55,285 - INFO - Epoch [5/5], Train Loss: 0.0798, Validation Loss: 0.0376
gru_5epochs_64bs_0.0005lr_final_mse,,,,,,
2025-01-02 21:09:55,676 - INFO - gru 模型训练完成，MSE: 0.1685
2025-01-02 21:12:00,047 - INFO - 数据预处理开始，加载文件: data/Beijingair.csv
2025-01-02 21:12:00,432 - INFO - 数据预处理完成，数据已保存至 data/processed_data.csv
2025-01-02 21:12:00,432 - INFO - 数据集划分完成：训练集25500，验证集3188，测试集3188
2025-01-02 21:12:00,432 - INFO - 正在训练模型: rnn with epochs=5, batch_size=64, lr=0.0005, target_columns=['PM2.5', 'CO', 'NO2']
2025-01-02 21:12:02,263 - INFO - Epoch [1/5], Train Loss: 0.2428, Validation Loss: 0.0528
2025-01-02 21:12:03,949 - INFO - Epoch [2/5], Train Loss: 0.1024, Validation Loss: 0.0435
2025-01-02 21:12:05,516 - INFO - Epoch [3/5], Train Loss: 0.0894, Validation Loss: 0.0398
2025-01-02 21:12:07,188 - INFO - Epoch [4/5], Train Loss: 0.0847, Validation Loss: 0.0386
2025-01-02 21:12:08,942 - INFO - Epoch [5/5], Train Loss: 0.0825, Validation Loss: 0.0386
rnn_5epochs_64bs_0.0005lr_final_mse,,,,,,
2025-01-02 21:12:09,243 - INFO - rnn 模型训练完成，MSE: 0.1758
2025-01-02 21:12:09,260 - INFO - 正在训练模型: lstm with epochs=5, batch_size=32, lr=0.001, target_columns=['PM2.5', 'CO']
2025-01-02 21:12:17,231 - INFO - Epoch [1/5], Train Loss: 0.1358, Validation Loss: 0.0234
2025-01-02 21:12:24,428 - INFO - Epoch [2/5], Train Loss: 0.0727, Validation Loss: 0.0254
2025-01-02 21:12:31,501 - INFO - Epoch [3/5], Train Loss: 0.0689, Validation Loss: 0.0219
2025-01-02 21:12:38,437 - INFO - Epoch [4/5], Train Loss: 0.0674, Validation Loss: 0.0225
2025-01-02 21:12:45,833 - INFO - Epoch [5/5], Train Loss: 0.0658, Validation Loss: 0.0210
lstm_5epochs_32bs_0.001lr_final_mse,,,,,,
2025-01-02 21:12:46,307 - INFO - lstm 模型训练完成，MSE: 0.1720
2025-01-02 21:12:46,425 - INFO - 正在训练模型: gru with epochs=5, batch_size=64, lr=0.0005, target_columns=['PM2.5', 'CO', 'NO2']
2025-01-02 21:12:51,030 - INFO - Epoch [1/5], Train Loss: 0.2491, Validation Loss: 0.0577
2025-01-02 21:12:55,378 - INFO - Epoch [2/5], Train Loss: 0.1022, Validation Loss: 0.0421
2025-01-02 21:12:59,740 - INFO - Epoch [3/5], Train Loss: 0.0871, Validation Loss: 0.0400
2025-01-02 21:13:03,909 - INFO - Epoch [4/5], Train Loss: 0.0823, Validation Loss: 0.0382
2025-01-02 21:13:08,053 - INFO - Epoch [5/5], Train Loss: 0.0798, Validation Loss: 0.0368
gru_5epochs_64bs_0.0005lr_final_mse,,,,,,
2025-01-02 21:13:08,414 - INFO - gru 模型训练完成，MSE: 0.1677
2025-01-02 21:13:57,271 - INFO - 数据预处理开始，加载文件: data/Beijingair.csv
2025-01-02 21:13:57,664 - INFO - 数据预处理完成，数据已保存至 data/processed_data.csv
2025-01-02 21:13:57,664 - INFO - 数据集划分完成：训练集25500，验证集3188，测试集3188
2025-01-02 21:13:57,664 - INFO - 正在训练模型: rnn with epochs=3, batch_size=64, lr=0.0005, target_columns=['PM2.5', 'CO', 'NO2']
2025-01-02 21:13:59,487 - INFO - Epoch [1/3], Train Loss: 0.2169, Validation Loss: 0.0495
2025-01-02 21:14:01,051 - INFO - Epoch [2/3], Train Loss: 0.0990, Validation Loss: 0.0426
2025-01-02 21:14:02,583 - INFO - Epoch [3/3], Train Loss: 0.0885, Validation Loss: 0.0404
rnn_3epochs_64bs_0.0005lr_final_mse,,,,,,
2025-01-02 21:14:02,869 - INFO - rnn 模型训练完成，MSE: 0.1795
2025-01-02 21:14:02,886 - INFO - 正在训练模型: lstm with epochs=3, batch_size=32, lr=0.001, target_columns=['PM2.5', 'CO']
2025-01-02 21:14:09,843 - INFO - Epoch [1/3], Train Loss: 0.1353, Validation Loss: 0.0253
2025-01-02 21:14:17,164 - INFO - Epoch [2/3], Train Loss: 0.0723, Validation Loss: 0.0226
2025-01-02 21:14:24,530 - INFO - Epoch [3/3], Train Loss: 0.0686, Validation Loss: 0.0216
lstm_3epochs_32bs_0.001lr_final_mse,,,,,,
2025-01-02 21:14:24,951 - INFO - lstm 模型训练完成，MSE: 0.1645
2025-01-02 21:14:25,050 - INFO - 正在训练模型: gru with epochs=3, batch_size=64, lr=0.0005, target_columns=['PM2.5', 'CO', 'NO2']
2025-01-02 21:14:29,579 - INFO - Epoch [1/3], Train Loss: 0.2799, Validation Loss: 0.0610
2025-01-02 21:14:33,740 - INFO - Epoch [2/3], Train Loss: 0.1017, Validation Loss: 0.0436
2025-01-02 21:14:37,866 - INFO - Epoch [3/3], Train Loss: 0.0866, Validation Loss: 0.0396
gru_3epochs_64bs_0.0005lr_final_mse,,,,,,
2025-01-02 21:14:38,240 - INFO - gru 模型训练完成，MSE: 0.1659
2025-01-02 21:16:10,376 - INFO - 数据预处理开始，加载文件: data/Beijingair.csv
2025-01-02 21:16:10,745 - INFO - 数据预处理完成，数据已保存至 data/processed_data.csv
2025-01-02 21:16:10,745 - INFO - 数据集划分完成：训练集25500，验证集3188，测试集3188
2025-01-02 21:16:10,746 - INFO - 正在训练模型: rnn with epochs=3, batch_size=64, lr=0.0005, target_columns=['PM2.5', 'CO', 'NO2']
2025-01-02 21:16:12,449 - INFO - Epoch [1/3], Train Loss: 0.2256, Validation Loss: 0.0491
2025-01-02 21:16:14,173 - INFO - Epoch [2/3], Train Loss: 0.0992, Validation Loss: 0.0426
2025-01-02 21:16:15,902 - INFO - Epoch [3/3], Train Loss: 0.0881, Validation Loss: 0.0400
rnn_3epochs_64bs_0.0005lr_final_mse,,,,,,
2025-01-02 21:16:16,229 - INFO - rnn 模型训练完成，MSE: 0.1744
2025-01-02 21:16:16,245 - INFO - 正在训练模型: lstm with epochs=3, batch_size=32, lr=0.001, target_columns=['PM2.5', 'CO']
2025-01-02 21:16:23,941 - INFO - Epoch [1/3], Train Loss: 0.1356, Validation Loss: 0.0240
2025-01-02 21:16:31,497 - INFO - Epoch [2/3], Train Loss: 0.0719, Validation Loss: 0.0217
2025-01-02 21:16:38,511 - INFO - Epoch [3/3], Train Loss: 0.0686, Validation Loss: 0.0222
lstm_3epochs_32bs_0.001lr_final_mse,,,,,,
2025-01-02 21:16:38,957 - INFO - lstm 模型训练完成，MSE: 0.1743
2025-01-02 21:16:39,058 - INFO - 正在训练模型: gru with epochs=3, batch_size=64, lr=0.0005, target_columns=['PM2.5', 'CO', 'NO2']
2025-01-02 21:16:43,514 - INFO - Epoch [1/3], Train Loss: 0.2509, Validation Loss: 0.0550
2025-01-02 21:16:47,563 - INFO - Epoch [2/3], Train Loss: 0.0992, Validation Loss: 0.0439
2025-01-02 21:16:52,264 - INFO - Epoch [3/3], Train Loss: 0.0855, Validation Loss: 0.0401
gru_3epochs_64bs_0.0005lr_final_mse,,,,,,
2025-01-02 21:16:52,633 - INFO - gru 模型训练完成，MSE: 0.1656
2025-01-02 21:19:09,688 - INFO - 数据预处理开始，加载文件: data/Beijingair.csv
2025-01-02 21:19:10,065 - INFO - 数据预处理完成，数据已保存至 data/processed_data.csv
2025-01-02 21:19:10,065 - INFO - 数据集划分完成：训练集25500，验证集3188，测试集3188
2025-01-02 21:19:10,065 - INFO - 正在训练模型: rnn with epochs=3, batch_size=64, lr=0.0005, target_columns=['PM2.5', 'CO', 'NO2']
2025-01-02 21:19:11,831 - INFO - Epoch [1/3], Train Loss: 0.2224, Validation Loss: 0.0491
2025-01-02 21:19:13,459 - INFO - Epoch [2/3], Train Loss: 0.0996, Validation Loss: 0.0443
2025-01-02 21:19:15,084 - INFO - Epoch [3/3], Train Loss: 0.0886, Validation Loss: 0.0399
rnn_3epochs_64bs_0.0005lr_final_mse,,,,,,
2025-01-02 21:19:15,382 - INFO - rnn 模型训练完成，MSE: 0.1795
2025-01-02 21:19:15,401 - INFO - 正在训练模型: lstm with epochs=3, batch_size=32, lr=0.001, target_columns=['PM2.5', 'CO']
2025-01-02 21:19:22,918 - INFO - Epoch [1/3], Train Loss: 0.1389, Validation Loss: 0.0256
2025-01-02 21:19:30,169 - INFO - Epoch [2/3], Train Loss: 0.0718, Validation Loss: 0.0228
2025-01-02 21:19:37,632 - INFO - Epoch [3/3], Train Loss: 0.0687, Validation Loss: 0.0218
lstm_3epochs_32bs_0.001lr_final_mse,,,,,,
2025-01-02 21:19:38,099 - INFO - lstm 模型训练完成，MSE: 0.1751
2025-01-02 21:19:38,211 - INFO - 正在训练模型: gru with epochs=3, batch_size=64, lr=0.0005, target_columns=['PM2.5', 'CO', 'NO2']
2025-01-02 21:19:42,595 - INFO - Epoch [1/3], Train Loss: 0.2590, Validation Loss: 0.0579
2025-01-02 21:19:46,799 - INFO - Epoch [2/3], Train Loss: 0.1015, Validation Loss: 0.0435
2025-01-02 21:19:50,854 - INFO - Epoch [3/3], Train Loss: 0.0863, Validation Loss: 0.0393
gru_3epochs_64bs_0.0005lr_final_mse,,,,,,
2025-01-02 21:19:51,284 - INFO - gru 模型训练完成，MSE: 0.1631
2025-01-02 21:19:51,829 - INFO - 所有模型的预测结果对比图已保存至 './output/results' 目录
2025-01-02 21:21:21,068 - INFO - 数据预处理开始，加载文件: data/Beijingair.csv
2025-01-02 21:21:21,440 - INFO - 数据预处理完成，数据已保存至 data/processed_data.csv
2025-01-02 21:21:21,440 - INFO - 数据集划分完成：训练集25500，验证集3188，测试集3188
2025-01-02 21:21:21,440 - INFO - 正在训练模型: rnn with epochs=3, batch_size=64, lr=0.0005, target_columns=['PM2.5', 'CO', 'NO2']
2025-01-02 21:21:23,158 - INFO - Epoch [1/3], Train Loss: 0.2005, Validation Loss: 0.0475
2025-01-02 21:21:24,807 - INFO - Epoch [2/3], Train Loss: 0.0964, Validation Loss: 0.0446
2025-01-02 21:21:26,322 - INFO - Epoch [3/3], Train Loss: 0.0869, Validation Loss: 0.0415
rnn_3epochs_64bs_0.0005lr_final_mse,,,,,,
2025-01-02 21:21:26,617 - INFO - rnn 模型训练完成，MSE: 0.1741
2025-01-02 21:21:26,634 - INFO - 正在训练模型: lstm with epochs=3, batch_size=32, lr=0.001, target_columns=['PM2.5', 'CO']
2025-01-02 21:21:33,716 - INFO - Epoch [1/3], Train Loss: 0.1393, Validation Loss: 0.0270
2025-01-02 21:21:41,202 - INFO - Epoch [2/3], Train Loss: 0.0726, Validation Loss: 0.0227
2025-01-02 21:21:48,286 - INFO - Epoch [3/3], Train Loss: 0.0691, Validation Loss: 0.0220
lstm_3epochs_32bs_0.001lr_final_mse,,,,,,
2025-01-02 21:21:48,735 - INFO - lstm 模型训练完成，MSE: 0.1690
2025-01-02 21:21:48,839 - INFO - 正在训练模型: gru with epochs=3, batch_size=64, lr=0.0005, target_columns=['PM2.5', 'CO', 'NO2']
2025-01-02 21:21:53,112 - INFO - Epoch [1/3], Train Loss: 0.2566, Validation Loss: 0.0578
2025-01-02 21:21:57,190 - INFO - Epoch [2/3], Train Loss: 0.1020, Validation Loss: 0.0443
2025-01-02 21:22:01,462 - INFO - Epoch [3/3], Train Loss: 0.0864, Validation Loss: 0.0395
gru_3epochs_64bs_0.0005lr_final_mse,,,,,,
2025-01-02 21:22:01,899 - INFO - gru 模型训练完成，MSE: 0.1671
2025-01-02 21:22:09,946 - INFO - 所有模型的预测结果对比图已保存至 './output/results' 目录
2025-01-02 21:28:57,213 - INFO - 数据预处理开始，加载文件: data/Beijingair.csv
2025-01-02 21:28:57,587 - INFO - 数据预处理完成，数据已保存至 data/processed_data.csv
2025-01-02 21:28:57,587 - INFO - 数据集划分完成：训练集25500，验证集3188，测试集3188
2025-01-02 21:28:57,587 - INFO - 正在训练模型: rnn with epochs=3, batch_size=32, lr=0.001, target_columns=['PM2.5', 'CO']
2025-01-02 21:29:00,434 - INFO - Epoch [1/3], Train Loss: 0.1267, Validation Loss: 0.0246
2025-01-02 21:29:03,177 - INFO - Epoch [2/3], Train Loss: 0.0764, Validation Loss: 0.0229
2025-01-02 21:29:05,822 - INFO - Epoch [3/3], Train Loss: 0.0739, Validation Loss: 0.0236
rnn_3epochs_32bs_0.001lr_final_mse,,,,,,
2025-01-02 21:29:06,122 - INFO - rnn 模型训练完成，MSE: 0.1832
2025-01-02 21:29:06,142 - INFO - 正在训练模型: lstm with epochs=3, batch_size=32, lr=0.001, target_columns=['PM2.5', 'CO']
2025-01-02 21:29:13,309 - INFO - Epoch [1/3], Train Loss: 0.1394, Validation Loss: 0.0291
2025-01-02 21:29:20,439 - INFO - Epoch [2/3], Train Loss: 0.0728, Validation Loss: 0.0221
2025-01-02 21:29:27,611 - INFO - Epoch [3/3], Train Loss: 0.0694, Validation Loss: 0.0214
lstm_3epochs_32bs_0.001lr_final_mse,,,,,,
2025-01-02 21:29:28,042 - INFO - lstm 模型训练完成，MSE: 0.1728
2025-01-02 21:29:28,145 - INFO - 正在训练模型: gru with epochs=3, batch_size=32, lr=0.001, target_columns=['PM2.5', 'CO']
2025-01-02 21:29:34,641 - INFO - Epoch [1/3], Train Loss: 0.1227, Validation Loss: 0.0240
2025-01-02 21:29:41,203 - INFO - Epoch [2/3], Train Loss: 0.0725, Validation Loss: 0.0239
2025-01-02 21:29:48,176 - INFO - Epoch [3/3], Train Loss: 0.0691, Validation Loss: 0.0218
gru_3epochs_32bs_0.001lr_final_mse,,,,,,
2025-01-02 21:29:48,548 - INFO - gru 模型训练完成，MSE: 0.1764
2025-01-02 21:29:48,951 - INFO - 所有模型的预测结果对比图已保存至 './output/results' 目录
2025-01-02 21:31:48,066 - INFO - 数据预处理开始，加载文件: data/Beijingair.csv
2025-01-02 21:31:48,464 - INFO - 数据预处理完成，数据已保存至 data/processed_data.csv
2025-01-02 21:31:48,464 - INFO - 数据集划分完成：训练集25500，验证集3188，测试集3188
2025-01-02 21:31:48,464 - INFO - 正在训练模型: rnn with epochs=3, batch_size=32, lr=0.001, target_columns=['PM2.5', 'CO']
2025-01-02 21:31:51,442 - INFO - Epoch [1/3], Train Loss: 0.1127, Validation Loss: 0.0236
2025-01-02 21:31:54,185 - INFO - Epoch [2/3], Train Loss: 0.0768, Validation Loss: 0.0232
2025-01-02 21:31:56,808 - INFO - Epoch [3/3], Train Loss: 0.0740, Validation Loss: 0.0218
rnn_3epochs_32bs_0.001lr_final_mse,,,,,,
2025-01-02 21:31:57,092 - INFO - rnn 模型训练完成，MSE: 0.1870
2025-01-02 21:31:57,107 - INFO - 正在训练模型: lstm with epochs=3, batch_size=32, lr=0.001, target_columns=['PM2.5', 'CO']
2025-01-02 21:32:04,696 - INFO - Epoch [1/3], Train Loss: 0.1333, Validation Loss: 0.0245
2025-01-02 21:32:11,861 - INFO - Epoch [2/3], Train Loss: 0.0728, Validation Loss: 0.0214
2025-01-02 21:32:18,649 - INFO - Epoch [3/3], Train Loss: 0.0687, Validation Loss: 0.0221
lstm_3epochs_32bs_0.001lr_final_mse,,,,,,
2025-01-02 21:32:19,056 - INFO - lstm 模型训练完成，MSE: 0.1701
2025-01-02 21:32:19,148 - INFO - 正在训练模型: gru with epochs=3, batch_size=32, lr=0.001, target_columns=['PM2.5', 'CO']
2025-01-02 21:32:25,782 - INFO - Epoch [1/3], Train Loss: 0.1268, Validation Loss: 0.0226
2025-01-02 21:32:32,991 - INFO - Epoch [2/3], Train Loss: 0.0722, Validation Loss: 0.0217
2025-01-02 21:32:39,256 - INFO - Epoch [3/3], Train Loss: 0.0693, Validation Loss: 0.0215
gru_3epochs_32bs_0.001lr_final_mse,,,,,,
2025-01-02 21:32:39,619 - INFO - gru 模型训练完成，MSE: 0.1800
2025-01-02 21:32:39,796 - INFO - 所有模型的MSE对比图已保存至 './output/results' 目录
2025-01-02 21:34:04,409 - INFO - 数据预处理开始，加载文件: data/Beijingair.csv
2025-01-02 21:34:04,774 - INFO - 数据预处理完成，数据已保存至 data/processed_data.csv
2025-01-02 21:34:04,774 - INFO - 数据集划分完成：训练集25500，验证集3188，测试集3188
2025-01-02 21:34:04,774 - INFO - 正在训练模型: rnn with epochs=3, batch_size=32, lr=0.001, target_columns=['PM2.5', 'CO']
2025-01-02 21:34:07,625 - INFO - Epoch [1/3], Train Loss: 0.1189, Validation Loss: 0.0268
2025-01-02 21:34:10,549 - INFO - Epoch [2/3], Train Loss: 0.0758, Validation Loss: 0.0228
2025-01-02 21:34:13,410 - INFO - Epoch [3/3], Train Loss: 0.0739, Validation Loss: 0.0243
rnn_3epochs_32bs_0.001lr_final_mse,,,,,,
2025-01-02 21:34:13,692 - INFO - rnn 模型训练完成，MSE: 0.2037
2025-01-02 21:34:13,709 - INFO - 正在训练模型: lstm with epochs=3, batch_size=32, lr=0.001, target_columns=['PM2.5', 'CO']
2025-01-02 21:34:21,918 - INFO - Epoch [1/3], Train Loss: 0.1308, Validation Loss: 0.0250
2025-01-02 21:34:29,098 - INFO - Epoch [2/3], Train Loss: 0.0722, Validation Loss: 0.0232
2025-01-02 21:34:36,431 - INFO - Epoch [3/3], Train Loss: 0.0685, Validation Loss: 0.0226
lstm_3epochs_32bs_0.001lr_final_mse,,,,,,
2025-01-02 21:34:36,839 - INFO - lstm 模型训练完成，MSE: 0.1726
2025-01-02 21:34:36,962 - INFO - 正在训练模型: gru with epochs=3, batch_size=32, lr=0.001, target_columns=['PM2.5', 'CO']
2025-01-02 21:34:44,806 - INFO - Epoch [1/3], Train Loss: 0.1284, Validation Loss: 0.0243
2025-01-02 21:34:51,545 - INFO - Epoch [2/3], Train Loss: 0.0723, Validation Loss: 0.0220
2025-01-02 21:34:58,117 - INFO - Epoch [3/3], Train Loss: 0.0697, Validation Loss: 0.0214
gru_3epochs_32bs_0.001lr_final_mse,,,,,,
2025-01-02 21:34:58,528 - INFO - gru 模型训练完成，MSE: 0.1778
2025-01-02 21:34:58,925 - INFO - 所有模型的预测结果对比图已保存至 './output/results' 目录
2025-01-02 21:34:59,036 - INFO - 所有模型的MSE对比图已保存至 './output/results' 目录
2025-01-02 21:46:06,648 - INFO - 数据预处理开始，加载文件: data/Beijingair.csv
2025-01-02 21:46:07,041 - INFO - 数据预处理完成，数据已保存至 data/processed_data.csv
2025-01-02 21:46:07,041 - INFO - 数据集划分完成：训练集25500，验证集3188，测试集3188
2025-01-02 21:46:07,041 - INFO - 正在训练模型: rnn with epochs=3, batch_size=32, lr=0.001, target_columns=['PM2.5', 'CO']
2025-01-02 21:46:10,029 - INFO - Epoch [1/3], Train Loss: 0.1141, Validation Loss: 0.0252
2025-01-02 21:46:12,619 - INFO - Epoch [2/3], Train Loss: 0.0765, Validation Loss: 0.0250
2025-01-02 21:46:15,194 - INFO - Epoch [3/3], Train Loss: 0.0742, Validation Loss: 0.0234
rnn_3epochs_32bs_0.001lr_final_mse,,,,,,
2025-01-02 21:46:15,481 - INFO - rnn 模型训练完成，MSE: 0.1961
2025-01-02 21:46:15,496 - INFO - 正在训练模型: lstm with epochs=3, batch_size=32, lr=0.001, target_columns=['PM2.5', 'CO']
2025-01-02 21:46:22,692 - INFO - Epoch [1/3], Train Loss: 0.1425, Validation Loss: 0.0232
2025-01-02 21:46:29,993 - INFO - Epoch [2/3], Train Loss: 0.0718, Validation Loss: 0.0248
2025-01-02 21:46:36,991 - INFO - Epoch [3/3], Train Loss: 0.0686, Validation Loss: 0.0227
lstm_3epochs_32bs_0.001lr_final_mse,,,,,,
2025-01-02 21:46:37,408 - INFO - lstm 模型训练完成，MSE: 0.2048
2025-01-02 21:46:37,509 - INFO - 正在训练模型: gru with epochs=3, batch_size=32, lr=0.001, target_columns=['PM2.5', 'CO']
2025-01-02 21:46:44,633 - INFO - Epoch [1/3], Train Loss: 0.1228, Validation Loss: 0.0269
2025-01-02 21:46:51,711 - INFO - Epoch [2/3], Train Loss: 0.0729, Validation Loss: 0.0218
2025-01-02 21:46:59,269 - INFO - Epoch [3/3], Train Loss: 0.0690, Validation Loss: 0.0210
gru_3epochs_32bs_0.001lr_final_mse,,,,,,
2025-01-02 21:46:59,676 - INFO - gru 模型训练完成，MSE: 0.1825
2025-01-02 21:47:00,133 - INFO - 所有模型的预测结果对比图已保存至 './output/results' 目录
2025-01-02 21:47:00,249 - INFO - 所有模型的MSE对比图已保存至 './output/results' 目录
2025-01-02 21:54:39,566 - INFO - 数据预处理开始，加载文件: data/Beijingair.csv
2025-01-02 21:54:39,989 - INFO - 数据预处理完成，数据已保存至 data/processed_data.csv
2025-01-02 21:54:39,989 - INFO - 数据集划分完成：训练集25500，验证集3188，测试集3188
2025-01-02 21:54:39,989 - INFO - 正在训练模型: rnn with epochs=3, batch_size=32, lr=0.001, target_columns=['PM2.5', 'CO']
2025-01-02 21:54:43,074 - INFO - Epoch [1/3], Train Loss: 0.1123, Validation Loss: 0.0235
2025-01-02 21:54:45,890 - INFO - Epoch [2/3], Train Loss: 0.0751, Validation Loss: 0.0323
2025-01-02 21:54:48,541 - INFO - Epoch [3/3], Train Loss: 0.0738, Validation Loss: 0.0225
rnn_3epochs_32bs_0.001lr_final_mse,,,,,,
2025-01-02 21:54:48,815 - INFO - rnn 模型训练完成，MSE: 0.1926
2025-01-02 21:54:48,832 - INFO - 正在训练模型: lstm with epochs=3, batch_size=32, lr=0.001, target_columns=['PM2.5', 'CO']
2025-01-02 21:54:56,597 - INFO - Epoch [1/3], Train Loss: 0.1334, Validation Loss: 0.0272
2025-01-02 21:55:04,518 - INFO - Epoch [2/3], Train Loss: 0.0723, Validation Loss: 0.0225
2025-01-02 21:55:11,498 - INFO - Epoch [3/3], Train Loss: 0.0692, Validation Loss: 0.0224
lstm_3epochs_32bs_0.001lr_final_mse,,,,,,
2025-01-02 21:55:11,946 - INFO - lstm 模型训练完成，MSE: 0.1687
2025-01-02 21:55:12,052 - INFO - 正在训练模型: gru with epochs=3, batch_size=32, lr=0.001, target_columns=['PM2.5', 'CO']
2025-01-02 21:55:19,328 - INFO - Epoch [1/3], Train Loss: 0.1251, Validation Loss: 0.0243
2025-01-02 21:55:27,316 - INFO - Epoch [2/3], Train Loss: 0.0715, Validation Loss: 0.0215
2025-01-02 21:55:34,997 - INFO - Epoch [3/3], Train Loss: 0.0690, Validation Loss: 0.0210
gru_3epochs_32bs_0.001lr_final_mse,,,,,,
2025-01-02 21:55:35,376 - INFO - gru 模型训练完成，MSE: 0.1775
2025-01-02 21:55:35,811 - INFO - 所有模型的预测结果对比图已保存至 './output/results' 目录
2025-01-02 21:55:35,932 - INFO - 所有模型的MSE对比图已保存至 './output/results' 目录
